WORD_ID,VOCAB_WORD
0,http
1,use
2,list
3,email
4,get
5,mail
6,one
7,free
8,time
9,work
10,messag
11,make
12,like
13,would
14,peopl
15,inform
16,new
17,receiv
18,pleas
19,busi
20,address
21,click
22,want
23,us
24,need
25,order
26,remov
27,also
28,go
29,send
30,year
31,money
32,file
33,compani
34,system
35,name
36,report
37,wrote
38,way
39,user
40,look
41,chang
42,site
43,day
44,state
45,know
46,program
47,may
48,see
49,call
50,could
51,group
52,even
53,think
54,includ
55,linux
56,first
57,offer
58,take
59,say
60,servic
61,right
62,world
63,tri
64,help
65,find
66,internet
67,market
68,product
69,mani
70,much
71,home
72,said
73,softwar
74,web
75,problem
76,date
77,line
78,spam
79,check
80,start
81,number
82,run
83,good
84,thing
85,link
86,well
87,subject
88,phone
89,interest
90,govern
91,person
92,provid
93,set
94,today
95,come
96,million
97,give
98,best
99,server
100,follow
101,back
102,form
103,rate
104,month
105,everi
106,secur
107,gener
108,price
109,url
110,still
111,comput
112,packag
113,instal
114,avail
115,sent
116,code
117,commun
118,life
119,version
120,read
121,sinc
122,ad
123,grant
124,maintain
125,sponsor
126,thank
127,network
128,credit
129,two
130,differ
131,without
132,made
133,develop
134,within
135,support
136,week
137,write
138,save
139,realli
140,case
141,page
142,subscript
143,someth
144,irish
145,current
146,un
147,last
148,anyon
149,onlin
150,complet
151,sure
152,requir
153,card
154,seem
155,build
156,custom
157,manag
158,never
159,de
160,ilug
161,better
162,keep
163,window
164,special
165,ca
166,point
167,place
168,search
169,per
170,anoth
171,found
172,access
173,actual
174,repli
175,result
176,contact
177,question
178,part
179,base
180,futur
181,listmast
182,issu
183,old
184,put
185,wish
186,next
187,long
188,let
189,countri
190,live
191,hour
192,must
193,end
194,invest
195,process
196,easi
197,mean
198,unsubscrib
199,lot
200,unit
201,great
202,got
203,guarante
204,show
205,nation
206,technolog
207,account
208,might
209,power
210,releas
211,legal
212,cost
213,data
214,allow
215,sourc
216,success
217,news
218,engin
219,possibl
220,trade
221,profession
222,idea
223,increas
224,post
225,pay
226,advertis
227,ask
228,public
229,error
230,open
231,test
232,websit
233,opportun
234,real
235,sell
236,ever
237,less
238,respons
239,insur
240,plan
241,design
242,tell
243,visit
244,creat
245,word
246,buy
247,howev
248,reason
249,prefer
250,heaven
251,effect
252,someon
253,aug
254,cd
255,sale
256,law
257,improv
258,applic
259,around
260,instead
261,fact
262,least
263,box
264,dollar
265,ye
266,rpm
267,fix
268,american
269,job
270,copi
271,probabl
272,simpl
273,origin
274,cours
275,believ
276,fax
277,contain
278,move
279,type
280,happen
281,though
282,friend
283,littl
284,total
285,financi
286,share
287,welcom
288,request
289,exampl
290,add
291,abl
292,client
293,els
294,perl
295,format
296,anyth
297,valu
298,simpli
299,alway
300,alreadi
301,high
302,fill
303,protect
304,full
305,cash
306,feel
307,mailto
308,directori
309,import
310,stop
311,bit
312,purchas
313,regard
314,licens
315,signatur
316,note
317,intern
318,polici
319,experi
320,answer
321,exist
322,updat
323,return
324,past
325,learn
326,famili
327,info
328,sep
329,top
330,geek
331,ship
332,becom
333,act
334,age
335,instruct
336,lead
337,drive
338,small
339,suppli
340,second
341,control
342,databas
343,member
344,thousand
345,select
346,low
347,recent
348,incom
349,citi
350,featur
351,etc
352,stuff
353,limit
354,minut
355,industri
356,sever
357,done
358,turn
359,yet
360,appli
361,folder
362,tool
363,continu
364,understand
365,detail
366,c
367,guid
368,everyth
369,noth
370,step
371,exmh
372,oper
373,notic
374,enough
375,claim
376,big
377,e
378,sign
379,care
380,univers
381,caus
382,letter
383,larg
384,key
385,three
386,hard
387,thinkgeek
388,other
389,connect
390,bill
391,record
392,thu
393,discuss
394,accept
395,term
396,specif
397,via
398,pgp
399,play
400,offic
401,talk
402,text
403,option
404,america
405,mayb
406,deal
407,immedi
408,direct
409,download
410,major
411,seen
412,forc
413,hope
414,subscrib
415,comment
416,kind
417,thought
418,individu
419,decid
420,rule
421,plu
422,lose
423,log
424,natur
425,method
426,matter
427,true
428,risk
429,either
430,yahoo
431,rememb
432,assist
433,content
434,present
435,quot
436,rather
437,away
438,mime
439,wait
440,r
441,bank
442,fund
443,kernel
444,local
445,hand
446,project
447,secret
448,hundr
449,loan
450,matthia
451,level
452,train
453,corpor
454,consid
455,research
456,razor
457,area
458,forward
459,book
460,august
461,addit
462,root
463,stori
464,machin
465,polit
466,standard
467,benefit
468,target
469,bad
470,war
471,quit
472,entir
473,suggest
474,document
475,appear
476,copyright
477,global
478,bodi
479,presid
480,author
481,bug
482,often
483,posit
484,expect
485,center
486,human
487,mind
488,distribut
489,juli
490,septemb
491,grow
492,ago
493,jul
494,qualiti
495,hit
496,trust
497,size
498,partner
499,easili
500,island
501,absolut
502,pm
503,love
504,whether
505,agent
506,join
507,activ
508,given
509,b
510,solut
511,collect
512,involv
513,amount
514,happi
515,associ
516,fast
517,domain
518,charg
519,promot
520,man
521,whole
522,dvd
523,sort
524,earn
525,far
526,later
527,parti
528,fork
529,hi
530,feder
531,submit
532,upon
533,mortgag
534,meet
535,potenti
536,wed
537,refer
538,wrong
539,nice
540,enter
541,tm
542,load
543,transact
544,econom
545,social
546,wonder
547,singl
548,john
549,publish
550,almost
551,discov
552,red
553,reach
554,everyon
555,close
556,view
557,fail
558,execut
559,pass
560,sound
561,depend
562,privat
563,perform
564,women
565,profit
566,broadcast
567,attack
568,newslett
569,paid
570,automat
571,relat
572,contract
573,statement
574,effort
575,mark
576,media
577,delet
578,foreign
579,begin
580,compil
581,final
582,sequenc
583,miss
584,regist
585,spamassassin
586,bush
587,cell
588,figur
589,x
590,handl
591,stock
592,command
593,header
594,locat
595,action
596,similar
597,game
598,tuesday
599,pick
600,display
601,templ
602,transfer
603,disk
604,hat
605,wo
606,produc
607,digit
608,chri
609,soon
610,event
611,known
612,track
613,print
614,articl
615,longer
616,tax
617,properti
618,function
619,pretti
620,mention
621,toner
622,default
623,store
624,commiss
625,dear
626,men
627,debt
628,pc
629,hous
630,oblig
631,sun
632,respect
633,microsoft
634,upgrad
635,organ
636,script
637,due
638,enenkio
639,bulk
640,imag
641,weight
642,payment
643,administr
644,daili
645,along
646,freedom
647,health
648,practic
649,bonu
650,net
651,worth
652,billion
653,capit
654,cartridg
655,half
656,usa
657,propos
658,offici
659,resourc
660,strategi
661,languag
662,came
663,anyway
664,leav
665,late
666,concern
667,platform
668,exactli
669,remain
670,street
671,clear
672,assum
673,devic
674,html
675,car
676,lost
677,la
678,ok
679,tire
680,review
681,ignor
682,head
683,n
684,tue
685,interact
686,respond
687,went
688,hear
689,tablet
690,deliv
691,taken
692,independ
693,configur
694,bring
695,clean
696,perhap
697,compar
698,qualifi
699,averag
700,watch
701,press
702,space
703,fine
704,invok
705,recommend
706,school
707,expens
708,short
709,retail
710,fee
711,memori
712,host
713,fall
714,field
715,membership
716,enabl
717,huge
718,guess
719,consult
720,edit
721,extrem
722,usual
723,xml
724,suit
725,choos
726,common
727,except
728,agre
729,advantag
730,warn
731,en
732,port
733,materi
734,region
735,normal
736,side
737,abil
738,educ
739,fri
740,basic
741,announc
742,item
743,five
744,told
745,dream
746,guy
747,although
748,drop
749,paper
750,cheer
751,le
752,growth
753,vulner
754,hold
755,readi
756,main
757,spend
758,replac
759,electron
760,model
761,win
762,confidenti
763,left
764,face
765,studi
766,interfac
767,unseen
768,mon
769,loss
770,altern
771,reserv
772,safe
773,kingdom
774,intend
775,accord
776,choic
777,approv
778,implement
779,rest
780,oz
781,id
782,multipl
783,histori
784,commerci
785,situat
786,moment
787,extra
788,quick
789,investig
790,section
791,insid
792,togeth
793,combin
794,employ
795,chanc
796,purpos
797,coupl
798,initi
799,pictur
800,goe
801,advanc
802,msg
803,confirm
804,across
805,monday
806,util
807,avoid
808,unless
809,break
810,court
811,j
812,fals
813,burn
814,particular
815,object
816,energi
817,score
818,express
819,male
820,societi
821,video
822,india
823,et
824,owner
825,took
826,indic
827,sens
828,count
829,p
830,speed
831,correct
832,agenc
833,directli
834,filter
835,variou
836,procedur
837,four
838,anywher
839,die
840,profil
841,uniqu
842,period
843,especi
844,ventur
845,cut
846,gpl
847,match
848,black
849,seek
850,piec
851,consum
852,sex
853,kevin
854,investor
855,certain
856,whatev
857,behalf
858,spammer
859,color
860,adam
861,popul
862,class
863,setup
864,knowledg
865,explain
866,oh
867,tip
868,gain
869,remot
870,latest
871,militari
872,dagga
873,unison
874,atol
875,ftp
876,block
877,googl
878,gari
879,south
880,lawrenc
881,marshal
882,unix
883,tv
884,patch
885,valuabl
886,smoke
887,team
888,shop
889,establish
890,switch
891,imagin
892,ragga
893,aaaaaaaaaaaaaaaaaaaaaaaaaaaaaaaaaaaaaaaaaaaaaaaaaaaaaaaaaaaaaaaaaaaaaaaaaaaa
894,java
895,prevent
896,integr
897,robert
898,prepar
899,boot
900,third
901,attempt
902,folk
903,privaci
904,will
905,particip
906,heard
907,hardwar
908,manual
909,sorri
910,necessari
911,sometim
912,saou
913,congress
914,reduc
915,bottl
916,screen
917,tag
918,york
919,certainli
920,china
921,sa
922,night
923,fastest
924,stand
925,valid
926,backup
927,depart
928,cover
929,suppos
930,enjoy
931,obtain
932,path
933,regul
934,seriou
935,driver
936,goal
937,alb
938,mass
939,lower
940,competit
941,amaz
942,botan
943,capabl
944,fulli
945,land
946,h
947,promis
948,speak
949,poor
950,medic
951,apolog
952,lowest
953,extend
954,introduc
955,scienc
956,traffic
957,deathtospamdeathtospamdeathtospam
958,describ
959,movi
960,defin
961,titl
962,troubl
963,paul
964,cv
965,film
966,exchang
967,neg
968,easier
969,os
970,wireless
971,decis
972,sender
973,f
974,osdn
975,rang
976,technic
977,death
978,approach
979,predict
980,earli
981,murphi
982,six
983,quickli
984,fortun
985,redhat
986,white
987,commit
988,beberg
989,written
990,fat
991,king
992,worri
993,sold
994,telephon
995,kill
996,im
997,ham
998,music
999,seventh
1000,mobil
1001,judgment
1002,firm
1003,uk
1004,michael
1005,apt
1006,father
1007,premium
1008,attach
1009,opinion
1010,north
1011,economi
1012,ensur
1013,desir
1014,faster
1015,player
1016,definit
1017,librari
1018,argument
1019,archiv
1020,appar
1021,adult
1022,achiev
1023,button
1024,enterpris
1025,travel
1026,bar
1027,techniqu
1028,separ
1029,threat
1030,demand
1031,cooper
1032,board
1033,deserv
1034,browser
1035,modul
1036,hello
1037,condit
1038,anim
1039,outsid
1040,david
1041,terrorist
1042,wide
1043,attent
1044,stay
1045,enhanc
1046,dave
1047,elimin
1048,estat
1049,drug
1050,virtual
1051,cabl
1052,determin
1053,pain
1054,expert
1055,wall
1056,children
1057,repres
1058,monthli
1059,kid
1060,sincer
1061,declar
1062,washington
1063,held
1064,gnupg
1065,environ
1066,modifi
1067,permiss
1068,danger
1069,fun
1070,signific
1071,l
1072,confid
1073,relev
1074,iii
1075,g
1076,w
1077,rich
1078,air
1079,programm
1080,diet
1081,cat
1082,canada
1083,sum
1084,exclus
1085,cc
1086,none
1087,equip
1088,popular
1089,forev
1090,proven
1091,bottom
1092,excel
1093,bitbitch
1094,justin
1095,central
1096,paragraph
1097,usd
1098,expand
1099,factor
1100,string
1101,skip
1102,centuri
1103,friday
1104,sexual
1105,relationship
1106,challeng
1107,identifi
1108,monitor
1109,near
1110,anybodi
1111,director
1112,appreci
1113,excit
1114,terror
1115,behind
1116,toward
1117,asset
1118,perfect
1119,girl
1120,exercis
1121,confer
1122,defens
1123,progress
1124,rh
1125,rais
1126,whose
1127,discoveri
1128,citizen
1129,unsolicit
1130,among
1131,fit
1132,rel
1133,road
1134,sampl
1135,difficult
1136,west
1137,hettinga
1138,thread
1139,intellig
1140,entri
1141,lender
1142,partit
1143,colleg
1144,illeg
1145,photo
1146,spain
1147,serv
1148,octob
1149,william
1150,strong
1151,solv
1152,seri
1153,tie
1154,chief
1155,acquir
1156,earth
1157,confus
1158,reader
1159,largest
1160,smart
1161,instant
1162,tree
1163,refin
1164,measur
1165,verifi
1166,stupid
1167,european
1168,fair
1169,san
1170,french
1171,mode
1172,extract
1173,built
1174,sweet
1175,peac
1176,regular
1177,equival
1178,conveni
1179,slow
1180,procmail
1181,laptop
1182,oct
1183,mac
1184,reliabl
1185,resid
1186,lock
1187,brian
1188,datapow
1189,tradit
1190,inlin
1191,suse
1192,dead
1193,categori
1194,graphic
1195,front
1196,africa
1197,warranti
1198,tim
1199,voic
1200,leader
1201,ident
1202,europ
1203,cach
1204,deliveri
1205,capillari
1206,emerg
1207,useless
1208,annuiti
1209,realiz
1210,evid
1211,ten
1212,pattern
1213,femal
1214,gnu
1215,fire
1216,desktop
1217,art
1218,compat
1219,statu
1220,occur
1221,campaign
1222,abus
1223,therefor
1224,gift
1225,cultur
1226,young
1227,satellit
1228,herba
1229,revenu
1230,previous
1231,physic
1232,concept
1233,higher
1234,institut
1235,thursday
1236,deposit
1237,inde
1238,june
1239,walk
1240,launch
1241,brand
1242,convers
1243,aid
1244,roll
1245,otherwis
1246,concentr
1247,contribut
1248,ms
1249,nigeria
1250,degre
1251,doubt
1252,wife
1253,indian
1254,arriv
1255,honor
1256,pacif
1257,unlimit
1258,former
1259,repositori
1260,yeah
1261,compet
1262,background
1263,carri
1264,forget
1265,echo
1266,classifi
1267,weapon
1268,listen
1269,token
1270,fight
1271,recipi
1272,critic
1273,affili
1274,conflict
1275,sat
1276,unfortun
1277,isp
1278,surpris
1279,percent
1280,tech
1281,storag
1282,powel
1283,password
1284,app
1285,extens
1286,discount
1287,detect
1288,water
1289,sit
1290,assur
1291,basi
1292,succeed
1293,civil
1294,effici
1295,jabber
1296,hermio
1297,sleep
1298,hot
1299,alsa
1300,intro
1301,panel
1302,kept
1303,substanti
1304,printer
1305,output
1306,garrigu
1307,tabl
1308,menu
1309,enemi
1310,catch
1311,proprietari
1312,ip
1313,attract
1314,worldwid
1315,scan
1316,mine
1317,descript
1318,light
1319,inc
1320,pull
1321,jm
1322,revers
1323,v
1324,index
1325,saw
1326,wednesday
1327,nobodi
1328,pudg
1329,truth
1330,disabl
1331,god
1332,joe
1333,advic
1334,structur
1335,analysi
1336,euro
1337,agreement
1338,patent
1339,gone
1340,manufactur
1341,vendor
1342,seven
1343,specifi
1344,lack
1345,balanc
1346,alon
1347,morn
1348,franc
1349,decad
1350,vote
1351,cool
1352,room
1353,k
1354,teach
1355,jame
1356,boston
1357,awar
1358,gold
1359,editor
1360,whitelist
1361,california
1362,obvious
1363,charact
1364,wast
1365,zip
1366,polic
1367,construct
1368,treat
1369,innov
1370,insert
1371,career
1372,ga
1373,trick
1374,theori
1375,financ
1376,tom
1377,temperatur
1378,highli
1379,journal
1380,clue
1381,u
1382,gcc
1383,int
1384,greater
1385,flag
1386,incred
1387,ultim
1388,touch
1389,afford
1390,middl
1391,constitut
1392,impress
1393,spec
1394,son
1395,encourag
1396,ebay
1397,usag
1398,anymor
1399,brain
1400,peni
1401,attorney
1402,cent
1403,correspond
1404,dan
1405,input
1406,blank
1407,blood
1408,mechan
1409,boy
1410,previou
1411,summari
1412,trial
1413,annual
1414,mother
1415,greg
1416,jim
1417,master
1418,wake
1419,larger
1420,hp
1421,cbyi
1422,hate
1423,urgent
1424,stream
1425,suffer
1426,democrat
1427,el
1428,mike
1429,perman
1430,advis
1431,cheap
1432,focu
1433,pound
1434,flow
1435,skeptic
1436,speech
1437,star
1438,judg
1439,mostli
1440,particularli
1441,suspect
1442,php
1443,underwrit
1444,smtp
1445,varieti
1446,obviou
1447,mistak
1448,behavior
1449,wealth
1450,delay
1451,percentag
1452,dynam
1453,instanc
1454,vacat
1455,keyboard
1456,warm
1457,binari
1458,toni
1459,comfort
1460,eye
1461,destruct
1462,earlier
1463,dark
1464,super
1465,republ
1466,firewal
1467,ireland
1468,termin
1469,woman
1470,rick
1471,telecom
1472,channel
1473,mailer
1474,arm
1475,rock
1476,laserjet
1477,reveal
1478,affect
1479,ban
1480,rss
1481,english
1482,consolid
1483,motiv
1484,char
1485,steve
1486,knew
1487,heart
1488,essenti
1489,se
1490,tend
1491,skill
1492,domest
1493,floppi
1494,btw
1495,principl
1496,prospect
1497,alli
1498,vipul
1499,consist
1500,recogn
1501,highlight
1502,style
1503,lawyer
1504,core
1505,beta
1506,prompt
1507,wing
1508,estim
1509,pack
1510,defend
1511,invit
1512,nearli
1513,bonus
1514,eventu
1515,somewher
1516,gnome
1517,magazin
1518,pipe
1519,dell
1520,opt
1521,unlik
1522,lifetim
1523,ftoc
1524,beat
1525,planta
1526,comprehens
1527,staff
1528,vehicl
1529,sensit
1530,task
1531,role
1532,fl
1533,python
1534,ground
1535,despit
1536,dn
1537,pocket
1538,teledynam
1539,map
1540,eat
1541,hair
1542,clearli
1543,histor
1544,audio
1545,babi
1546,march
1547,food
1548,biggest
1549,restor
1550,modern
1551,roman
1552,modem
1553,strongli
1554,complianc
1555,eval
1556,fresh
1557,bind
1558,convert
1559,favor
1560,impact
1561,strength
1562,suck
1563,commentari
1564,picasso
1565,revis
1566,minimum
1567,conserv
1568,exploit
1569,met
1570,mlm
1571,coverag
1572,peter
1573,config
1574,dragon
1575,interview
1576,british
1577,senior
1578,shown
1579,texa
1580,equal
1581,failur
1582,gave
1583,dont
1584,instantli
1585,spot
1586,liber
1587,protocol
1588,employe
1589,everybodi
1590,stabl
1591,mile
1592,mailbox
1593,beyond
1594,permit
1595,truli
1596,doctor
1597,font
1598,synchron
1599,signal
1600,optim
1601,reli
1602,consider
1603,auto
1604,visa
1605,q
1606,tape
1607,typic
1608,brought
1609,tx
1610,draw
1611,distanc
1612,expir
1613,variabl
1614,revok
1615,geeg
1616,proper
1617,crash
1618,calcul
1619,led
1620,exact
1621,startup
1622,al
1623,showcas
1624,chines
1625,worst
1626,dial
1627,translat
1628,yesterday
1629,plant
1630,neighbor
1631,prove
1632,broker
1633,imposs
1634,extern
1635,finish
1636,spent
1637,hidden
1638,stylu
1639,boss
1640,favorit
1641,annoy
1642,crimin
1643,evil
1644,z
1645,sir
1646,rare
1647,bearer
1648,repair
1649,ran
1650,acknowledg
1651,retriev
1652,sole
1653,foundat
1654,netscap
1655,feet
1656,strang
1657,pop
1658,bigger
1659,artist
1660,portion
1661,sport
1662,somebodi
1663,poverti
1664,england
1665,autom
1666,hell
1667,scientist
1668,beauti
1669,safeti
1670,evalu
1671,rob
1672,guidelin
1673,hotel
1674,planet
1675,rebuild
1676,properli
1677,serious
1678,hack
1679,edward
1680,equiti
1681,lie
1682,gentl
1683,minor
1684,jump
1685,prescript
1686,explor
1687,summer
1688,sunday
1689,chicago
1690,strip
1691,station
1692,iiu
1693,correctli
1694,bell
1695,climat
1696,scheme
1697,push
1698,ii
1699,antiqu
1700,restrict
1701,spread
1702,hire
1703,diseas
1704,mount
1705,student
1706,vou
1707,shape
1708,lo
1709,currenc
1710,fundament
1711,primari
1712,recruit
1713,headlin
1714,becam
1715,para
1716,epson
1717,threaten
1718,entertain
1719,radio
1720,spamd
1721,merchant
1722,protest
1723,resum
1724,proxi
1725,damag
1726,architectur
1727,hang
1728,husband
1729,mainten
1730,laser
1731,recal
1732,herb
1733,seed
1734,craig
1735,happier
1736,vast
1737,buyer
1738,stick
1739,exit
1740,sendmail
1741,remedi
1742,settlement
1743,feroc
1744,plug
1745,corpu
1746,prioriti
1747,viagra
1748,van
1749,muscl
1750,doubl
1751,disclaim
1752,feedback
1753,luck
1754,disappear
1755,dozen
1756,camera
1757,hall
1758,western
1759,angl
1760,ticket
1761,wors
1762,laugh
1763,somehow
1764,reg
1765,green
1766,faith
1767,prior
1768,moor
1769,creativ
1770,georg
1771,ssh
1772,fantasi
1773,child
1774,supplement
1775,kathmandu
1776,norton
1777,aspect
1778,hormon
1779,batteri
1780,realiti
1781,tel
1782,pour
1783,usb
1784,anonym
1785,reject
1786,oil
1787,seminar
1788,feed
1789,symbol
1790,broken
1791,bother
1792,convent
1793,parent
1794,democraci
1795,shall
1796,perfectli
1797,shot
1798,committe
1799,allianc
1800,authent
1801,eugen
1802,acceler
1803,arrang
1804,entrepreneur
1805,encrypt
1806,appeal
1807,argu
1808,substanc
1809,doc
1810,convinc
1811,statist
1812,shock
1813,à
1814,legitim
1815,neither
1816,funni
1817,electr
1818,observ
1819,serial
1820,park
1821,phrase
1822,slightli
1823,sponsorship
1824,random
1825,mozilla
1826,empir
1827,highest
1828,meant
1829,edg
1830,frame
1831,auction
1832,merg
1833,queri
1834,strictli
1835,award
1836,door
1837,nort
1838,appropri
1839,edificio
1840,east
1841,solari
1842,resolv
1843,hey
1844,barcelona
1845,refund
1846,ie
1847,damn
1848,bear
1849,daniel
1850,lesson
1851,pressur
1852,aphrodisia
1853,union
1854,tomorrow
1855,capac
1856,postal
1857,fear
1858,smaller
1859,carrier
1860,repeat
1861,surviv
1862,kelli
1863,stabil
1864,survey
1865,volum
1866,hunt
1867,strike
1868,herbal
1869,trip
1870,owen
1871,mr
1872,twice
1873,mason
1874,virus
1875,pablo
1876,farquhar
1877,aggress
1878,bought
1879,odd
1880,weekend
1881,te
1882,declin
1883,fairli
1884,banner
1885,arrest
1886,amend
1887,alter
1888,promiscu
1889,complain
1890,gmt
1891,ah
1892,race
1893,harm
1894,januari
1895,testimoni
1896,easiest
1897,cancel
1898,appl
1899,cold
1900,winner
1901,duplic
1902,zero
1903,welch
1904,compon
1905,inbox
1906,exclud
1907,nt
1908,prosaka
1909,licenc
1910,violat
1911,spray
1912,blog
1913,scam
1914,hmm
1915,algorithm
1916,round
1917,vari
1918,audienc
1919,nativ
1920,debian
1921,bandwidth
1922,deni
1923,farm
1924,md
1925,bunch
1926,ratio
1927,reduct
1928,formula
1929,viru
1930,mirror
1931,pill
1932,mh
1933,presum
1934,honest
1935,genet
1936,analyst
1937,gay
1938,precis
1939,brief
1940,label
1941,tab
1942,renew
1943,gibbon
1944,â
1945,elsewher
1946,bankruptci
1947,partnership
1948,split
1949,martin
1950,possess
1951,club
1952,approxim
1953,compens
1954,reboot
1955,sea
1956,iraq
1957,vjestika
1958,austin
1959,deploy
1960,invent
1961,weekli
1962,lift
1963,dramat
1964,gordon
1965,porn
1966,roger
1967,saturday
1968,reward
1969,plugin
1970,processor
1971,envelop
1972,msgid
1973,massiv
1974,buffer
1975,mous
1976,grand
1977,blue
1978,rohit
1979,anytim
1980,flash
1981,prohibit
1982,ibm
1983,that
1984,environment
1985,inspir
1986,empti
1987,sm
1988,collabor
1989,nvidia
1990,writer
1991,millionair
1992,adopt
1993,dig
1994,inconveni
1995,retir
1996,ps
1997,apart
1998,infrastructur
1999,religion
2000,aol
2001,cancer
2002,engag
2003,agreeabl
2004,fuck
2005,complex
2006,northern
2007,schedul
2008,conduct
2009,satisfi
2010,thoma
2011,ministri
2012,cycl
2013,justic
2014,plenti
2015,length
2016,solicit
2017,african
2018,shell
2019,assembl
2020,harley
2021,enforc
2022,mere
2023,rose
2024,distro
2025,began
2026,duncan
2027,candid
2028,rout
2029,bound
2030,experienc
2031,self
2032,henc
2033,img
2034,onto
2035,acquisit
2036,clock
2037,excess
2038,swap
2039,own
2040,encount
2041,farmer
2042,televis
2043,throw
2044,homeown
2045,elect
2046,straight
2047,domin
2048,famou
2049,scale
2050,demonstr
2051,grab
2052,conclud
2053,london
2054,pointer
2055,evolv
2056,prosper
2057,deep
2058,russian
2059,registr
2060,attend
2061,guido
2062,newspap
2063,wholesal
2064,minim
2065,kate
2066,transform
2067,liter
2068,niall
2069,murder
2070,mix
2071,christian
2072,buck
2073,boost
2074,glad
2075,lawsuit
2076,wave
2077,oppos
2078,colleagu
2079,hors
2080,toll
2081,unabl
2082,preserv
2083,context
2084,receipt
2085,rank
2086,chat
2087,valhalla
2088,assert
2089,skin
2090,proof
2091,attain
2092,remark
2093,co
2094,crime
2095,russia
2096,resel
2097,blame
2098,corrupt
2099,routin
2100,da
2101,loop
2102,entiti
2103,religi
2104,marshalles
2105,paypal
2106,webmast
2107,moral
2108,scientif
2109,inkjet
2110,tune
2111,accur
2112,icq
2113,vircio
2114,replica
2115,passphras
2116,newsgroup
2117,tast
2118,abacha
2119,numer
2120,forest
2121,destroy
2122,habea
2123,mathemat
2124,glm
2125,asia
2126,brent
2127,null
2128,formal
2129,sheet
2130,hash
2131,frequent
2132,hint
2133,joseph
2134,visitor
2135,yellow
2136,heavi
2137,chart
2138,po
2139,bless
2140,brother
2141,bu
2142,throughout
2143,jar
2144,song
2145,mountain
2146,na
2147,rise
2148,ben
2149,regardless
2150,victim
2151,yield
2152,column
2153,embed
2154,remind
2155,chip
2156,pro
2157,classic
2158,drink
2159,town
2160,logic
2161,consequ
2162,limbo
2163,amateur
2164,bay
2165,mess
2166,freebsd
2167,aim
2168,pure
2169,labor
2170,branch
2171,trace
2172,dog
2173,incompat
2174,assign
2175,worker
2176,negoti
2177,smoker
2178,joke
2179,topic
2180,satisfact
2181,spamtrap
2182,exceed
2183,focus
2184,export
2185,est
2186,imho
2187,coast
2188,il
2189,pars
2190,ladi
2191,gambl
2192,privileg
2193,spirit
2194,decemb
2195,opposit
2196,violenc
2197,felt
2198,adapt
2199,crap
2200,syntax
2201,prize
2202,exhibit
2203,que
2204,byte
2205,circumst
2206,fan
2207,vice
2208,pursu
2209,batch
2210,specialist
2211,lib
2212,stage
2213,complic
2214,cheaper
2215,appoint
2216,incorpor
2217,tremend
2218,battl
2219,pa
2220,stamp
2221,compel
2222,caught
2223,gather
2224,moder
2225,trivial
2226,affair
2227,goto
2228,riaa
2229,unknown
2230,struggl
2231,kit
2232,truck
2233,sur
2234,chairman
2235,lover
2236,alan
2237,entitl
2238,older
2239,ui
2240,keyword
2241,bet
2242,dublin
2243,okay
2244,sophist
2245,admit
2246,intel
2247,boundari
2248,florida
2249,alert
2250,jodi
2251,unwant
2252,liberti
2253,airlin
2254,loos
2255,strengthen
2256,compress
2257,hole
2258,sector
2259,trend
2260,owe
2261,mastercard
2262,britain
2263,airport
2264,disclosur
2265,ownership
2266,transmiss
2267,ideal
2268,ved
2269,surfac
2270,australia
2271,penni
2272,belief
2273,margin
2274,wear
2275,muslim
2276,ahead
2277,pioneer
2278,album
2279,lay
2280,timeout
2281,majesti
2282,ice
2283,overal
2284,suffici
2285,marri
2286,outlook
2287,reform
2288,weather
2289,assumpt
2290,weak
2291,relay
2292,stephen
2293,dice
2294,maker
2295,mplayer
2296,adjust
2297,maximum
2298,msn
2299,stress
2300,jack
2301,raw
2302,tin
2303,dump
2304,encod
2305,wa
2306,refus
2307,scott
2308,pickl
2309,palestinian
2310,chain
2311,captur
2312,egg
2313,debug
2314,ne
2315,schuman
2316,finger
2317,curv
2318,portabl
2319,hawaii
2320,magic
2321,propag
2322,wealthi
2323,sentenc
2324,influenc
2325,vision
2326,shout
2327,retain
2328,dinosaur
2329,lilo
2330,spring
2331,crack
2332,weird
2333,session
2334,submiss
2335,frustrat
2336,heck
2337,silli
2338,endeavor
2339,trademark
2340,explan
2341,ou
2342,admin
2343,mandat
2344,depress
2345,holiday
2346,catalog
2347,astronom
2348,whatsoev
2349,bone
2350,patrick
2351,ar
2352,ram
2353,randomli
2354,virginia
2355,ethic
2356,corner
2357,inexpens
2358,mysql
2359,francisco
2360,rah
2361,settl
2362,speaker
2363,intellectu
2364,minist
2365,rapidli
2366,outstand
2367,buri
2368,gpg
2369,tower
2370,fli
2371,hospit
2372,casino
2373,unusu
2374,circl
2375,bomb
2376,besid
2377,hacker
2378,movement
2379,spambay
2380,api
2381,scratch
2382,belong
2383,latter
2384,expos
2385,openssl
2386,celebr
2387,twenti
2388,scholarship
2389,theme
2390,jeremi
2391,joint
2392,tivo
2393,organis
2394,recognit
2395,intent
2396,xxx
2397,greatest
2398,ez
2399,preced
2400,pentium
2401,iroijlaplap
2402,du
2403,prob
2404,ir
2405,constant
2406,formul
2407,germani
2408,proceed
2409,igtt
2410,thirti
2411,ce
2412,fuel
2413,ton
2414,plane
2415,hide
2416,abandon
2417,lean
2418,necessarili
2419,snore
2420,forum
2421,dr
2422,tweak
2423,season
2424,framework
2425,wild
2426,greet
2427,element
2428,arg
2429,jurisdict
2430,fp
2431,une
2432,relax
2433,es
2434,draft
2435,german
2436,bsd
2437,maxim
2438,richard
2439,openssh
2440,marriag
2441,armi
2442,harvest
2443,japan
2444,conclus
2445,recov
2446,flight
2447,anthoni
2448,decreas
2449,fashion
2450,advisor
2451,distributor
2452,dedic
2453,trader
2454,render
2455,contest
2456,layer
2457,notifi
2458,burner
2459,scope
2460,hook
2461,angel
2462,potent
2463,telecommun
2464,bond
2465,murjel
2466,ratak
2467,tobacco
2468,everywher
2469,scenario
2470,quarter
2471,shoot
2472,till
2473,council
2474,commerc
2475,mutual
2476,rm
2477,bob
2478,milter
2479,asian
2480,invalid
2481,raid
2482,subsequ
2483,crazi
2484,pci
2485,freez
2486,elig
2487,ximian
2488,magnitud
2489,maxaman
2490,pleasur
2491,con
2492,zone
2493,leas
2494,boom
2495,capitalist
2496,missil
2497,distinct
2498,combat
2499,corn
